Disorder,Min,Max,Mean,Rankinng
Anxiety,3.0739503,3.125532,3.112575456666667,30,Top
Depressive,2.1114995,2.3073173,2.2065583799999997,30,Top
Bipolar,0.5513092,0.5513822,0.5513568369999999,10,Top
Eating,0.129463,0.18609495,0.15257036100000002,30,Low
Schizophrenia,0.28482124,0.2945265,0.2896661476666667,30,Low
Bipolar,0.5506919,0.55099785,0.550836494,10,Low
