Disorder,Min,Max,Mean,Rankinng
Anxiety,3.0739503,3.125532,3.112575456666667,30,Top
Depressive,2.1332617,2.3073173,2.25035373,20,Top
Eating,0.129463,0.18609495,0.15257036100000002,30,Low
Schizophrenia,0.28482124,0.2912203,0.2878030405,20,Low
